Word,Frequency
#dilsefoodie,10
#food,11
#afeemhandi,1
#omelette,1
#streetfood,8
#cholekulche,1
#harghartiranga,1
#75For75,1
#amritmohatsav,1
#DilSeDesi,1
#punjab,1
#lassi,1
#gianilassi,1
#nonveg,3
#chicken,1
#mutton,1
#bangalore,1
#nonvegfood,1
#buffet,1
#gurgaon,1
#unlimitedfood,1
#vegetarian,1
#cheese,2
#Avatara,1
#dubai,1
#mumbai,1
#latenight,2
#tikkamasala,1
#NewInTown,3
#wedding,1
#bride,1
#newlyweds,1
#bridalpictures,1
#whatiwore,3
#photodump,3
#love,3
#weddingpictures,3
#haldiceremony,1
#weddingdiaries,2
#bridetobe,2
#family,2
#indianwedding,2
#memories,2
#mehendi,1
#tasty,6
#noida,1
#explorenoida,1
#chaat,1
#golgappe,1
#kiosk,1
#viral,2
#trending,8
#papad,1
#papaddosa,1
#dosa,1
#quickrecipe,1
#cookinghack,1
#recipe,5
#recipevideo,5
#asmr,2
#GiveawayAlert,1
#AD,1
#emamihealthyandtasty,1
#aslijhanjh,1
#emamisarsontel,1
#emamimustardoil,1
#pulsemojito,1
#viraldrink,1
#pulse,1
#chholebhature,1
#onelove,1
#trend,2
#easyrecipe,1
#bakedpasta,1
#pastarecipe,1
#cheesy,1
#mango,1
#mangoseason,1
#chilli,1
#chillimango,1
#drinks,1
#punefoodblogger,10
#pune,9
#punekar,8
#kebab,1
#kathiroll,1
#rolls,1
#yummy,2
#explore,8
#explorepage,7
#trendingreels,6
#reels,5
#reelsinstagram,5
#instagood,1
#summer,2
#icecream,1
#colddrink,2
#reelitfeelit,2
#domino,1
#dominospizzaüçï,1
#dominosoffers,1
#affordable,3
#lunch,1
#deal,2
#pocketfriendly,1
#pizza,2
#pizzatime,1
#trendingnow,1
#punecity,5
#mastani,1
#punefood,2
#explorar,1
#chai,1
#breakfast,1
#breakfastideas,1
#foodblogger,1
#foodie,1
#pavbhaji,1
#pureveg,1
#resturant,1
#pizzalover,1
#delicious,1
#offer,1
#deals,1
#zomato,1
#punekars,1
#stay,1
#staysafe,1
#staycation,1
#hotel,1
#hotels,1
#shopping,1
#shop,1
#affordablefashion,1
#stall,1
#exhibition,1
#fashion,1
#brands,1
#sale,1
#desserts,1
#foodstyling,1
#cakes,1
#foodart,1
#japan,1
#seafood,2
#shrimp,1
#lobster,2
#redlobster,1
#seinfeld,1
#georgecastanza,1
#restaurants,1
#italy,1
#italianrestaurant,1
#italianfood,1
#wine,1
#ketchup,1
#heinz,1
#marketing,1
#miamibeach,1
#miami,1
#miamirestaurants,1
#michelinstar,1
#pickles,1
#pickleball,1
#pickleballislife,1
#picklelover,1
#momofuku,1
#chilicrunch,1
#spicy,1
#asianfood,1
#koreanfood,1
#foodbrand,1
#amazon,1
#grocery,1
#groceryshopping,1
#technology,1
#ai,1
#eclipse,1
#earthquake,1
#newyorkcity,1
#njearthquake,1
#nycearthquake,1
#seafoodlovers,1
#restaurant,1
#comedy,1
#news,1
